id,name,price,description
1,BMW,12.85,Triple-buffered logistical website
2,Maserati,80.0,Public-key real-time middleware
3,Volvo,72.14,Optional coherent moratorium
4,Pontiac,50.29,Polarised uniform flexibility
5,Nissan,53.02,Reverse-engineered bottom-line architecture
6,Cadillac,54.95,Digitized even-keeled collaboration
7,Lexus,79.76,Balanced tangible matrix
8,Chevrolet,77.47,Secured motivating budgetary management
9,Suzuki,52.76,Up-sized didactic parallelism
10,Isuzu,43.66,Decentralized bandwidth-monitored knowledge base
11,Lotus,9.27,Multi-channelled 24 hour throughput
12,Oldsmobile,40.52,De-engineered attitude-oriented groupware
13,Saab,22.65,Persevering non-volatile superstructure
14,Cadillac,69.12,Ameliorated web-enabled moderator
15,Pontiac,99.95,Seamless empowering orchestration
16,Isuzu,34.78,Ameliorated human-resource definition
17,Buick,73.4,Extended impactful projection
18,Mazda,2.42,Total intangible toolset
19,Lincoln,42.3,Organized regional migration
20,Scion,27.16,Right-sized intermediate local area network
21,Mercedes-Benz,15.09,Expanded zero tolerance alliance
22,Cadillac,50.66,Stand-alone zero defect attitude
23,Ford,9.54,Future-proofed holistic model
24,Lotus,7.47,Digitized impactful secured line
25,GMC,2.39,Down-sized grid-enabled circuit
26,GMC,44.28,Up-sized human-resource website
27,Buick,34.41,Implemented local approach
28,Pontiac,63.51,Profound homogeneous protocol
29,Toyota,44.67,Secured static info-mediaries
30,Audi,9.85,Cloned multimedia synergy
31,Mercedes-Benz,27.17,Sharable heuristic frame
32,Chevrolet,33.9,Phased leading edge orchestration
33,Ford,12.3,Ameliorated scalable function
34,Mazda,90.44,Expanded coherent project
35,Acura,43.1,Down-sized cohesive knowledge user
36,Pontiac,39.69,Customizable directional workforce
37,BMW,37.5,Right-sized neutral customer loyalty
38,Toyota,90.57,User-friendly empowering open system
39,Infiniti,98.1,Public-key encompassing process improvement
40,Pontiac,45.84,Enterprise-wide mission-critical data-warehouse
41,Audi,72.47,Quality-focused holistic approach
42,Toyota,82.39,Seamless dedicated circuit
43,Nissan,52.16,Front-line exuding project
44,Buick,98.53,Object-based zero administration focus group
45,Dodge,98.45,Sharable hybrid intranet
46,GMC,98.03,Face to face heuristic forecast
47,Ford,87.93,Focused discrete core
48,Eagle,2.99,Balanced secondary local area network
49,Honda,12.5,Exclusive multi-state forecast
50,Mitsubishi,90.11,Versatile leading edge system engine
51,Suzuki,83.03,Multi-tiered methodical hardware
52,GMC,36.41,Robust secondary encryption
53,Dodge,8.25,Streamlined zero administration interface
54,Toyota,21.74,Quality-focused attitude-oriented system engine
55,Mazda,98.71,Reactive background database
56,Oldsmobile,24.15,Re-engineered local budgetary management
57,Volkswagen,55.46,User-centric object-oriented website
58,Ford,95.0,Up-sized empowering parallelism
59,Jeep,75.21,Switchable fresh-thinking open architecture
60,Ford,97.51,Optimized intermediate hierarchy
61,Cadillac,77.19,Quality-focused executive hub
62,Chevrolet,91.44,Innovative national implementation
63,GMC,24.58,Re-engineered didactic support
64,Honda,49.59,Enhanced content-based neural-net
65,Audi,43.97,User-centric 6th generation neural-net
66,Volvo,95.25,Decentralized modular implementation
67,Hyundai,71.14,Multi-lateral actuating architecture
68,Volkswagen,64.77,Focused well-modulated policy
69,Toyota,20.11,Operative bifurcated access
70,Smart,95.57,Exclusive scalable system engine
71,Subaru,40.5,Reduced cohesive toolset
72,Mercury,27.59,Universal discrete neural-net
73,Subaru,88.68,Realigned needs-based encoding
74,Infiniti,4.77,Decentralized system-worthy process improvement
75,Suzuki,17.54,Profound even-keeled matrix
76,Saturn,11.92,Stand-alone multi-tasking paradigm
77,Buick,47.66,Ameliorated system-worthy policy
78,Chevrolet,24.91,Object-based client-server instruction set
79,Mercury,40.83,Synergized bifurcated alliance
80,Chevrolet,33.97,Devolved asymmetric hardware
81,Lexus,67.71,Innovative executive analyzer
82,Mercury,27.22,Down-sized mission-critical website
83,Buick,86.0,Down-sized 5th generation neural-net
84,Pontiac,36.64,Stand-alone mission-critical paradigm
85,Hyundai,49.15,Decentralized non-volatile installation
86,Ferrari,70.64,Mandatory tertiary concept
87,Chevrolet,21.82,Innovative regional pricing structure
88,Cadillac,41.77,Reverse-engineered directional system engine
89,Chevrolet,61.75,Public-key high-level open architecture
90,Daewoo,22.12,Up-sized exuding service-desk
91,Dodge,58.87,Diverse cohesive extranet
92,GMC,80.76,Sharable clear-thinking knowledge user
93,Pontiac,28.76,Open-architected non-volatile core
94,Ford,49.6,Advanced needs-based architecture
95,Mercedes-Benz,94.25,Intuitive intangible open system
96,Ford,30.1,Implemented leading edge portal
97,BMW,35.17,Networked local monitoring
98,Chevrolet,23.4,Inverse local intranet
99,Chrysler,30.31,Streamlined composite website
100,Honda,63.56,Triple-buffered user-facing methodology
101,Ford,9.92,Cross-group foreground initiative
102,Ford,36.47,Multi-layered neutral info-mediaries
103,Chevrolet,10.2,Phased real-time function
104,Holden,41.04,Cross-platform heuristic access
105,Ford,61.46,Cloned intermediate utilisation
106,Lotus,60.89,Polarised multimedia capacity
107,Chevrolet,13.17,Customer-focused 3rd generation instruction set
108,Chevrolet,67.91,Self-enabling tangible pricing structure
109,Mercedes-Benz,45.3,Enterprise-wide user-facing moratorium
110,BMW,9.78,Team-oriented 24/7 ability
111,Cadillac,22.34,Customer-focused non-volatile structure
112,Jeep,30.92,Cross-group asynchronous knowledge user
113,Ford,36.61,De-engineered zero defect architecture
114,Ford,31.97,Sharable heuristic solution
115,Nissan,95.84,Proactive zero administration projection
116,Lincoln,57.82,Organized 4th generation software
117,Honda,11.66,Ameliorated tangible info-mediaries
118,Dodge,8.93,Cross-platform explicit budgetary management
119,Kia,42.93,Organized static workforce
120,Ford,65.44,Fundamental neutral secured line
121,Chevrolet,38.43,Customer-focused holistic strategy
122,Scion,29.45,Adaptive leading edge open system
123,Dodge,1.16,Centralized next generation throughput
124,Buick,87.32,Universal coherent function
125,Ford,92.82,Switchable didactic archive
126,Toyota,13.48,Cloned holistic access
127,Mazda,5.68,Fully-configurable multi-tasking Graphic Interface
128,Mitsubishi,79.67,Organic object-oriented structure
129,Nissan,74.59,Synchronised zero tolerance Graphical User Interface
130,Cadillac,40.07,Public-key 24/7 monitoring
131,Lexus,22.47,Managed multimedia standardization
132,Kia,62.54,Devolved systematic toolset
133,Lexus,80.11,Automated fresh-thinking model
134,Lexus,48.02,Grass-roots systemic Graphical User Interface
135,Chevrolet,23.69,Implemented mission-critical flexibility
136,Cadillac,81.52,Up-sized demand-driven matrices
137,Land Rover,36.82,Enhanced static conglomeration
138,Pontiac,54.58,Virtual attitude-oriented moderator
139,Mazda,48.69,Mandatory bottom-line access
140,Nissan,90.08,Digitized bi-directional paradigm
141,Buick,45.54,Persevering systematic array
142,Ford,17.04,Upgradable homogeneous hub
143,Chevrolet,11.18,Secured leading edge local area network
144,Toyota,56.7,Virtual impactful success
145,Chevrolet,87.2,Sharable impactful function
146,Ford,52.56,Up-sized cohesive infrastructure
147,Pontiac,95.98,Synergistic cohesive array
148,Toyota,98.54,Decentralized dedicated portal
149,Dodge,66.28,Streamlined multi-tasking customer loyalty
150,GMC,50.1,Ameliorated client-server data-warehouse
151,Mercedes-Benz,63.12,Stand-alone well-modulated pricing structure
152,Volvo,94.31,Multi-lateral methodical support
153,Lincoln,38.46,Right-sized 6th generation data-warehouse
154,Kia,78.83,Reverse-engineered didactic infrastructure
155,Plymouth,5.87,Team-oriented uniform knowledge user
156,Mercury,37.09,Cloned context-sensitive installation
157,Chevrolet,68.4,Fully-configurable local policy
158,Toyota,93.54,Customizable asynchronous moratorium
159,Lexus,67.99,Organized 3rd generation data-warehouse
160,Toyota,13.86,Cloned systemic collaboration
161,Acura,91.14,Switchable mobile interface
162,Pontiac,79.04,Total background product
163,Chevrolet,2.73,Inverse dynamic task-force
164,Infiniti,58.37,User-centric motivating initiative
165,Nissan,91.83,Exclusive zero administration migration
166,Nissan,63.03,Operative cohesive throughput
167,Chevrolet,99.65,Profound bottom-line knowledge base
168,Toyota,5.64,Seamless well-modulated system engine
169,Mazda,37.48,Innovative user-facing array
170,Scion,98.36,Open-architected secondary encryption
171,Chevrolet,29.67,Enterprise-wide 6th generation local area network
172,Lexus,29.54,Realigned disintermediate methodology
173,Lexus,66.67,Innovative content-based hardware
174,Audi,9.35,Implemented executive policy
175,Subaru,58.81,Progressive tangible neural-net
176,Mercury,45.29,Face to face next generation knowledge user
177,Chevrolet,90.37,Diverse non-volatile protocol
178,Audi,81.13,Digitized coherent workforce
179,BMW,80.18,Switchable bottom-line archive
180,BMW,63.53,Phased holistic access
181,Lamborghini,43.65,Organic zero administration website
182,Infiniti,19.85,Face to face regional local area network
183,Chevrolet,97.45,Quality-focused even-keeled adapter
184,Chrysler,26.47,Fully-configurable intermediate moderator
185,Kia,69.89,Programmable stable policy
186,Ford,56.77,Sharable coherent support
187,Chrysler,19.53,Diverse solution-oriented installation
188,Chevrolet,80.81,Polarised content-based benchmark
189,Dodge,24.75,Upgradable mobile interface
190,Mitsubishi,9.42,Universal local superstructure
191,Audi,50.49,Centralized clear-thinking attitude
192,GMC,50.68,Compatible 4th generation orchestration
193,Mitsubishi,48.67,Ameliorated user-facing hierarchy
194,Mitsubishi,96.59,User-centric stable protocol
195,GMC,47.41,Diverse 24/7 function
196,Ford,21.57,Organized mission-critical approach
197,Ford,44.21,Distributed neutral workforce
198,Suzuki,41.82,Advanced executive software
199,Audi,68.62,User-centric uniform knowledge user
200,Chevrolet,49.77,Multi-layered motivating product
201,Buick,40.44,Grass-roots dedicated function
202,Nissan,41.2,Re-contextualized well-modulated initiative
203,Toyota,28.37,Cross-group static ability
204,Subaru,87.59,Networked mission-critical benchmark
205,Volkswagen,16.76,Monitored methodical time-frame
206,Mazda,81.67,Reduced dedicated installation
207,Volkswagen,41.4,Quality-focused 6th generation approach
208,Cadillac,6.98,Public-key web-enabled encryption
209,Mazda,72.44,Secured 24/7 conglomeration
210,GMC,5.8,Open-architected 6th generation neural-net
211,Buick,36.87,Sharable multimedia hardware
212,Mazda,5.03,Programmable systemic solution
213,Mercedes-Benz,53.82,Reactive intangible conglomeration
214,Volkswagen,1.78,Focused eco-centric productivity
215,Suzuki,96.11,Innovative homogeneous focus group
216,Hyundai,82.2,Down-sized 24/7 solution
217,Pontiac,8.33,Operative multimedia firmware
218,Audi,81.55,Assimilated disintermediate customer loyalty
219,Plymouth,2.28,Managed local circuit
220,Lincoln,25.88,Fully-configurable directional alliance
221,Nissan,16.23,Managed bandwidth-monitored internet solution
222,Porsche,21.83,Sharable empowering methodology
223,Ford,79.68,Automated bandwidth-monitored contingency
224,Hyundai,78.6,Distributed foreground firmware
225,Buick,19.41,Assimilated explicit archive
226,Pontiac,69.75,Re-contextualized responsive help-desk
227,Volkswagen,47.15,Ameliorated clear-thinking function
228,BMW,10.34,Self-enabling executive circuit
229,Ford,81.18,Balanced next generation conglomeration
230,Volkswagen,35.23,Configurable systematic model
231,Chevrolet,70.4,Team-oriented holistic flexibility
232,Citroën,2.74,De-engineered even-keeled collaboration
233,Ford,50.8,Managed systemic projection
234,Mazda,72.91,Organized global complexity
235,Chevrolet,20.25,Devolved dedicated success
236,Chrysler,80.02,Open-architected maximized throughput
237,Pontiac,51.31,Universal intermediate parallelism
238,BMW,79.71,Total optimal interface
239,Mercedes-Benz,16.23,Multi-layered dynamic forecast
240,Mitsubishi,68.18,Focused context-sensitive groupware
241,Acura,7.32,Persevering fresh-thinking instruction set
242,Toyota,43.56,Phased modular implementation
243,Buick,76.46,Open-source clear-thinking circuit
244,Mitsubishi,42.84,Quality-focused mobile info-mediaries
245,Maserati,68.24,Multi-tiered multi-tasking orchestration
246,Pontiac,53.67,Versatile stable framework
247,Mercedes-Benz,54.87,Advanced disintermediate analyzer
248,Saab,23.52,Customizable multimedia array
249,GMC,35.99,User-centric attitude-oriented archive
250,GMC,12.38,Quality-focused value-added secured line
251,Chevrolet,21.33,Public-key dedicated synergy
252,Pontiac,93.79,Reduced directional functionalities
253,Lexus,62.77,Profound demand-driven Graphic Interface
254,Subaru,51.45,Re-engineered systemic task-force
255,Nissan,90.42,Enhanced secondary core
256,Mazda,55.67,Expanded 24 hour core
257,Chevrolet,4.61,Re-engineered fresh-thinking alliance
258,Mercury,50.57,Cross-group clear-thinking initiative
259,Plymouth,5.49,Grass-roots real-time concept
260,Aston Martin,59.54,Public-key demand-driven application
261,Aston Martin,43.1,Intuitive homogeneous contingency
262,Toyota,54.55,Customer-focused even-keeled database
263,Mercury,84.94,Triple-buffered cohesive artificial intelligence
264,Saturn,84.43,Sharable web-enabled extranet
265,Plymouth,26.51,Switchable 3rd generation benchmark
266,GMC,23.62,Cross-group executive middleware
267,Nissan,42.12,Up-sized didactic structure
268,Mercury,47.57,Multi-channelled eco-centric orchestration
269,Subaru,8.45,Managed static leverage
270,Isuzu,71.8,Exclusive eco-centric internet solution
271,Nissan,38.31,Networked dynamic product
272,GMC,71.42,Future-proofed bandwidth-monitored solution
273,Lexus,23.94,Business-focused full-range approach
274,Dodge,54.37,Realigned stable capability
275,GMC,74.1,Persevering actuating Graphical User Interface
276,Mitsubishi,57.97,Enterprise-wide optimizing forecast
277,Chevrolet,80.02,Synchronised needs-based encoding
278,Kia,33.95,Optimized real-time time-frame
279,GMC,19.88,Implemented responsive infrastructure
280,Mazda,4.37,Seamless full-range website
281,Ford,50.71,Ergonomic modular synergy
282,Saturn,97.78,Diverse 5th generation process improvement
283,Chevrolet,36.42,Diverse bandwidth-monitored strategy
284,Mazda,11.22,Face to face fault-tolerant projection
285,Pontiac,3.69,Optimized web-enabled time-frame
286,Chevrolet,75.7,Function-based reciprocal middleware
287,Hyundai,42.66,Innovative 24 hour synergy
288,Cadillac,49.13,Secured value-added open architecture
289,Fiat,13.25,Proactive system-worthy challenge
290,Audi,30.96,Customer-focused disintermediate circuit
291,Infiniti,12.59,Profit-focused fresh-thinking archive
292,Chevrolet,54.9,Digitized context-sensitive application
293,Honda,62.14,Focused 3rd generation functionalities
294,Buick,3.34,Inverse multimedia Graphical User Interface
295,Ford,95.57,Versatile zero defect framework
296,Volvo,77.62,Ameliorated cohesive strategy
297,Suzuki,7.27,Reverse-engineered context-sensitive Graphic Interface
298,BMW,52.23,Robust bifurcated protocol
299,Toyota,35.44,Expanded content-based database
300,Ford,15.33,Digitized dedicated info-mediaries
301,Pontiac,50.46,Object-based maximized customer loyalty
302,Audi,82.12,Cloned regional policy
303,Mitsubishi,74.45,Balanced systematic protocol
304,Kia,55.65,Stand-alone user-facing architecture
305,BMW,56.72,Vision-oriented homogeneous internet solution
306,Chevrolet,80.87,Cross-platform high-level forecast
307,Volkswagen,35.08,Synchronised static policy
308,Mitsubishi,94.8,Adaptive explicit superstructure
309,Ford,56.66,Stand-alone disintermediate website
310,Chrysler,67.15,Reverse-engineered 4th generation standardization
311,Nissan,96.5,Implemented 3rd generation process improvement
312,Mazda,40.68,Up-sized didactic secured line
313,Chevrolet,43.27,Public-key transitional Graphical User Interface
314,Volkswagen,77.88,Robust content-based hierarchy
315,Acura,16.45,Universal grid-enabled capacity
316,Ford,65.22,Devolved demand-driven help-desk
317,BMW,24.55,Enhanced logistical function
318,Buick,60.11,Visionary didactic superstructure
319,Toyota,39.58,Multi-tiered leading edge methodology
320,Infiniti,31.6,Mandatory encompassing moratorium
321,Geo,29.64,Enhanced eco-centric knowledge user
322,Dodge,25.49,Implemented analyzing knowledge base
323,GMC,19.54,Compatible explicit access
324,Porsche,28.65,Diverse directional moratorium
325,Mercury,95.05,Extended encompassing moderator
326,Lincoln,24.78,Balanced actuating benchmark
327,Porsche,36.43,User-friendly solution-oriented time-frame
328,GMC,29.63,Re-engineered human-resource parallelism
329,Dodge,35.68,De-engineered explicit projection
330,GMC,65.12,Integrated systemic instruction set
331,Toyota,40.25,Open-source system-worthy strategy
332,Ford,31.35,Re-engineered non-volatile collaboration
333,Saturn,42.47,Optimized zero defect architecture
334,Audi,28.76,Advanced heuristic adapter
335,Ford,86.74,Organized dynamic installation
336,Dodge,78.42,Customizable full-range database
337,Acura,88.98,De-engineered 24/7 concept
338,Honda,87.97,Right-sized 24 hour hub
339,MINI,61.27,Team-oriented multi-state open system
340,Pontiac,65.38,Multi-tiered real-time methodology
341,BMW,41.58,Triple-buffered 24/7 attitude
342,Dodge,74.55,Diverse foreground instruction set
343,Ford,71.87,Visionary zero tolerance forecast
344,Volkswagen,56.04,Vision-oriented web-enabled policy
345,Toyota,78.93,Monitored intermediate functionalities
346,Dodge,34.0,Open-source context-sensitive implementation
347,Suzuki,56.51,Ameliorated 24 hour solution
348,Mercedes-Benz,76.51,Enhanced disintermediate internet solution
349,Kia,83.1,Object-based regional moderator
350,Pontiac,78.46,Synergistic impactful neural-net
351,Aston Martin,42.24,Adaptive asymmetric initiative
352,Mitsubishi,91.43,Customer-focused multi-tasking superstructure
353,Chevrolet,78.24,Reduced scalable hub
354,Ford,31.0,Profound responsive model
355,Volkswagen,31.81,Right-sized multi-state success
356,Saturn,13.07,Quality-focused client-server complexity
357,Isuzu,96.02,Cross-group discrete time-frame
358,Toyota,10.44,Extended interactive challenge
359,GMC,75.89,Proactive client-server standardization
360,Plymouth,40.15,Networked even-keeled protocol
361,Buick,62.23,Organic multi-state emulation
362,GMC,7.89,Centralized modular time-frame
363,Lotus,28.52,Decentralized foreground infrastructure
364,Mitsubishi,68.1,Expanded non-volatile intranet
365,Chevrolet,26.38,Integrated responsive benchmark
366,Audi,80.76,Multi-tiered 24/7 support
367,Lincoln,99.43,Devolved high-level portal
368,Acura,93.25,Distributed dynamic solution
369,Dodge,41.84,Up-sized client-server leverage
370,Mercedes-Benz,3.27,Robust non-volatile task-force
371,Infiniti,50.79,Focused zero administration policy
372,Toyota,18.28,Total 5th generation capacity
373,Audi,4.86,Total next generation paradigm
374,Kia,3.76,Realigned impactful open architecture
375,MINI,58.84,Synergistic multi-tasking array
376,Chevrolet,67.04,Realigned explicit portal
377,Lamborghini,59.85,Quality-focused cohesive pricing structure
378,Honda,22.55,Ergonomic encompassing task-force
379,Toyota,29.16,Vision-oriented mission-critical budgetary management
380,Volkswagen,14.5,Persevering stable middleware
381,Mitsubishi,11.9,Ameliorated modular alliance
382,Daewoo,78.78,Function-based fault-tolerant neural-net
383,Mercury,78.6,Stand-alone maximized flexibility
384,Toyota,72.52,Cross-platform encompassing superstructure
385,Lexus,21.13,Robust static strategy
386,Fiat,93.63,Open-architected encompassing migration
387,Toyota,64.92,Sharable composite core
388,Mitsubishi,24.41,User-centric incremental open system
389,Honda,51.28,Reduced static portal
390,Mitsubishi,28.0,Operative leading edge service-desk
391,GMC,43.0,Centralized actuating archive
392,GMC,94.9,Open-architected optimizing focus group
393,Chevrolet,76.89,Down-sized value-added time-frame
394,Nissan,35.82,Monitored 4th generation definition
395,Lincoln,31.98,Cross-group object-oriented hierarchy
396,GMC,38.01,Optimized grid-enabled migration
397,Land Rover,36.2,Face to face fresh-thinking algorithm
398,Lincoln,64.99,Decentralized optimizing internet solution
399,Dodge,72.62,Self-enabling intangible service-desk
400,Mazda,71.7,Fundamental content-based artificial intelligence
401,Volvo,89.4,Public-key real-time definition
402,Suzuki,72.45,Innovative zero defect initiative
403,Suzuki,57.2,Function-based transitional model
404,Nissan,86.89,Public-key content-based system engine
405,Kia,26.98,Operative zero tolerance structure
406,Pontiac,9.31,Intuitive mission-critical budgetary management
407,Jaguar,65.96,Open-source zero tolerance migration
408,Cadillac,23.83,Reactive background analyzer
409,Kia,91.41,Organic radical secured line
410,Maybach,38.12,Multi-tiered explicit installation
411,Land Rover,52.32,Persevering client-server help-desk
412,Toyota,54.62,Total 24 hour process improvement
413,Subaru,82.37,Integrated analyzing portal
414,Mercury,57.04,Intuitive composite policy
415,Audi,92.63,Stand-alone mobile hub
416,Buick,32.95,Inverse actuating info-mediaries
417,Hyundai,27.69,Synergized client-driven encryption
418,Jeep,6.53,Seamless grid-enabled moderator
419,Nissan,77.97,Self-enabling contextually-based moderator
420,Ferrari,66.41,Robust hybrid hub
421,GMC,81.33,Persevering systematic analyzer
422,Infiniti,17.9,Multi-layered human-resource middleware
423,Chrysler,34.01,Optimized context-sensitive array
424,Mercedes-Benz,12.17,User-centric solution-oriented model
425,Mazda,5.94,Secured bifurcated info-mediaries
426,Mercury,41.21,Compatible executive access
427,Mazda,40.85,Balanced context-sensitive complexity
428,Dodge,95.9,Optimized responsive extranet
429,Cadillac,65.13,Future-proofed maximized project
430,Honda,42.5,Down-sized grid-enabled productivity
431,Buick,72.72,Synergized content-based contingency
432,Infiniti,63.21,Cross-group multimedia concept
433,Chevrolet,84.09,Reduced dynamic secured line
434,Ford,26.65,Organized hybrid middleware
435,BMW,91.25,Fundamental human-resource groupware
436,Volkswagen,26.03,Re-contextualized eco-centric utilisation
437,Audi,76.53,Public-key dedicated circuit
438,Toyota,15.36,Cross-platform context-sensitive neural-net
439,Toyota,93.32,Self-enabling zero defect methodology
440,Pontiac,56.05,Synergized high-level Graphical User Interface
441,Acura,17.5,Balanced fresh-thinking toolset
442,GMC,33.7,Integrated 3rd generation approach
443,Bentley,12.91,Reduced grid-enabled budgetary management
444,Oldsmobile,71.32,Automated secondary throughput
445,Volkswagen,92.62,Pre-emptive 24 hour database
446,Toyota,78.24,Organized motivating complexity
447,Land Rover,73.85,Seamless 6th generation functionalities
448,Mercedes-Benz,88.98,Stand-alone grid-enabled budgetary management
449,Chrysler,98.11,Advanced modular hub
450,Dodge,36.37,Customizable dedicated internet solution
451,Volkswagen,19.79,Visionary national monitoring
452,Porsche,14.26,Inverse demand-driven core
453,Volkswagen,18.81,Multi-channelled hybrid implementation
454,Buick,49.17,Mandatory intermediate installation
455,Pontiac,25.46,Intuitive demand-driven open architecture
456,Toyota,91.39,Virtual dynamic local area network
457,Aston Martin,73.96,De-engineered global adapter
458,Toyota,78.11,Balanced national service-desk
459,Suzuki,80.82,Total systematic interface
460,Isuzu,47.55,User-friendly clear-thinking productivity
461,Chevrolet,83.98,Customer-focused upward-trending task-force
462,Mercedes-Benz,25.64,Reactive asynchronous synergy
463,Mitsubishi,21.68,Synergistic tangible concept
464,Mercury,6.15,Decentralized interactive contingency
465,GMC,82.88,Integrated coherent website
466,Pontiac,60.1,Synergized context-sensitive emulation
467,Ford,22.55,Reactive next generation secured line
468,Oldsmobile,81.13,Re-engineered even-keeled analyzer
469,Dodge,74.22,Down-sized radical capability
470,Hyundai,75.12,Intuitive scalable moratorium
471,Acura,88.64,Integrated incremental encryption
472,Mazda,54.62,Future-proofed tertiary process improvement
473,Jaguar,50.98,Sharable even-keeled strategy
474,Ford,43.57,Ergonomic client-driven approach
475,Oldsmobile,18.23,Total composite challenge
476,Mitsubishi,77.95,De-engineered multi-state model
477,Toyota,19.79,Secured interactive archive
478,Toyota,93.48,Total coherent interface
479,Ford,54.53,Phased 6th generation budgetary management
480,Maserati,1.22,Operative needs-based toolset
481,Subaru,44.94,Intuitive bi-directional application
482,Subaru,25.16,Re-engineered 4th generation core
483,Mitsubishi,56.31,Monitored didactic groupware
484,Toyota,43.42,Digitized systemic website
485,Buick,62.35,Seamless real-time application
486,Infiniti,34.67,Down-sized bandwidth-monitored array
487,Jaguar,80.83,Ameliorated fault-tolerant time-frame
488,Toyota,93.61,Inverse bifurcated adapter
489,Infiniti,68.48,Cross-platform system-worthy moratorium
490,Ford,77.72,Integrated systematic frame
491,Dodge,64.11,Realigned bandwidth-monitored parallelism
492,Mercedes-Benz,23.89,Implemented value-added customer loyalty
493,Chevrolet,18.44,Networked holistic knowledge user
494,Buick,5.06,Implemented clear-thinking Graphic Interface
495,Daewoo,23.53,Enhanced client-driven application
496,Lexus,61.23,Cross-platform responsive encryption
497,Chrysler,89.24,Re-contextualized responsive emulation
498,Buick,3.26,Self-enabling transitional productivity
499,Oldsmobile,90.25,Devolved mobile project
500,Mercedes-Benz,46.58,Decentralized user-facing instruction set
501,Audi,95.8,Virtual asymmetric strategy
502,BMW,84.42,Horizontal directional hub
503,Oldsmobile,22.62,Seamless fault-tolerant instruction set
504,Lexus,84.83,Streamlined empowering internet solution
505,Saab,85.88,Synergistic fault-tolerant focus group
506,Toyota,56.26,Multi-channelled client-server installation
507,Chrysler,33.63,Upgradable radical adapter
508,Ford,21.63,User-centric maximized approach
509,Volkswagen,56.9,Re-engineered modular archive
510,Volkswagen,88.99,Proactive multi-tasking structure
511,GMC,9.09,Implemented maximized internet solution
512,Suzuki,55.66,Enhanced explicit knowledge user
513,Ford,74.45,Up-sized next generation synergy
514,Chevrolet,78.87,Future-proofed homogeneous moratorium
515,Ford,62.65,Face to face non-volatile parallelism
516,Mitsubishi,61.54,Synchronised transitional hierarchy
517,Fillmore,53.51,Face to face modular portal
518,Lexus,65.24,Vision-oriented 24/7 software
519,Mercedes-Benz,39.64,Assimilated non-volatile alliance
520,Mitsubishi,46.32,Multi-channelled intangible analyzer
521,Audi,63.33,Optional didactic infrastructure
522,Ford,40.75,Horizontal upward-trending open system
523,GMC,54.61,Assimilated background challenge
524,Ford,76.88,Grass-roots discrete structure
525,Hyundai,6.4,Polarised optimizing time-frame
526,Ford,49.25,Inverse uniform array
527,Mercedes-Benz,11.38,Implemented encompassing local area network
528,BMW,21.79,Inverse high-level pricing structure
529,Oldsmobile,61.79,Intuitive eco-centric superstructure
530,Volkswagen,35.09,Virtual bandwidth-monitored knowledge user
531,Lincoln,51.97,Horizontal content-based policy
532,Plymouth,80.33,Upgradable 4th generation conglomeration
533,Lotus,52.44,Managed real-time open architecture
534,Porsche,39.38,Seamless client-driven superstructure
535,Subaru,33.17,Phased methodical projection
536,Chevrolet,1.23,Assimilated tertiary attitude
537,Jeep,32.68,Digitized uniform structure
538,Buick,9.78,Intuitive tangible data-warehouse
539,Honda,91.07,Multi-lateral neutral framework
540,Mercury,31.17,Focused eco-centric concept
541,BMW,4.06,Compatible logistical capability
542,Mercedes-Benz,33.34,Upgradable zero administration capability
543,Mercedes-Benz,59.1,User-centric global utilisation
544,Honda,79.56,Devolved 24/7 standardization
545,Nissan,92.26,Persevering empowering secured line
546,Toyota,97.34,Decentralized fresh-thinking protocol
547,Lincoln,63.36,Persevering foreground hub
548,Pontiac,78.28,Synergistic neutral process improvement
549,Cadillac,7.43,Upgradable executive ability
550,Mitsubishi,81.16,Progressive fresh-thinking definition
551,Jeep,28.21,Managed optimizing complexity
552,Cadillac,14.95,Cross-group even-keeled structure
553,Honda,96.49,Reverse-engineered executive middleware
554,Lexus,28.47,Multi-tiered empowering benchmark
555,Maserati,31.29,Distributed tangible toolset
556,Toyota,33.94,Business-focused content-based system engine
557,Toyota,55.5,Persevering client-driven policy
558,Buick,33.58,Progressive hybrid paradigm
559,Mitsubishi,66.69,Horizontal maximized capability
560,Chevrolet,74.4,Monitored methodical attitude
561,Toyota,51.81,Down-sized background hub
562,Ford,82.26,Virtual impactful budgetary management
563,Lexus,12.81,Total mission-critical task-force
564,Chevrolet,48.76,Robust incremental standardization
565,Bentley,97.43,Reduced clear-thinking monitoring
566,Chevrolet,2.64,Advanced real-time attitude
567,Toyota,65.04,Mandatory discrete middleware
568,Ford,36.74,Persistent multi-tasking secured line
569,Pontiac,86.84,Quality-focused mobile time-frame
570,Chevrolet,60.96,Robust context-sensitive service-desk
571,Lincoln,73.53,Enterprise-wide explicit hardware
572,Lamborghini,56.26,Compatible user-facing Graphical User Interface
573,Lotus,50.65,Customizable high-level adapter
574,Oldsmobile,19.61,Persevering zero defect structure
575,Mercedes-Benz,41.72,Advanced human-resource interface
576,Porsche,87.35,Right-sized uniform flexibility
577,Toyota,73.97,Extended human-resource workforce
578,Chrysler,72.87,Seamless needs-based local area network
579,Mercedes-Benz,96.07,Horizontal static help-desk
580,Oldsmobile,22.74,Digitized object-oriented system engine
581,Studebaker,45.2,Inverse explicit extranet
582,Audi,98.31,Universal hybrid conglomeration
583,Hyundai,44.3,Secured next generation intranet
584,Tesla,58.22,Balanced asynchronous alliance
585,Dodge,20.18,Ergonomic cohesive instruction set
586,Suzuki,87.59,Enhanced dedicated approach
587,GMC,3.57,Multi-channelled next generation strategy
588,BMW,48.45,Phased asymmetric initiative
589,Buick,41.2,Realigned executive standardization
590,Mazda,77.41,Optional neutral capacity
591,Hyundai,52.12,Managed empowering projection
592,Buick,57.52,Future-proofed incremental project
593,Volvo,6.35,Multi-layered didactic matrices
594,BMW,76.22,Multi-layered value-added workforce
595,Chevrolet,50.99,Right-sized object-oriented algorithm
596,BMW,86.46,Distributed disintermediate system engine
597,Plymouth,46.67,Devolved systematic portal
598,Jaguar,39.29,Assimilated upward-trending concept
599,Ford,11.97,Intuitive maximized process improvement
600,Honda,94.65,Down-sized intermediate algorithm
601,Chevrolet,21.4,Upgradable 4th generation access
602,Volkswagen,12.67,Multi-channelled neutral migration
603,Mitsubishi,48.82,Reduced national core
604,Aston Martin,49.96,Cloned modular firmware
605,Plymouth,20.99,Front-line asymmetric ability
606,Dodge,81.07,Self-enabling maximized adapter
607,Toyota,92.36,Robust fault-tolerant framework
608,Dodge,45.66,Devolved stable benchmark
609,Jaguar,96.78,Universal bandwidth-monitored conglomeration
610,Chrysler,17.91,Reduced leading edge task-force
611,Mazda,49.37,Ameliorated coherent time-frame
612,Mercury,68.66,Triple-buffered bandwidth-monitored local area network
613,Mazda,46.52,Organized multi-state synergy
614,Ford,14.04,Cross-platform national migration
615,Nissan,83.92,Right-sized global collaboration
616,GMC,82.08,Robust stable contingency
617,Ford,59.11,Profound context-sensitive system engine
618,BMW,7.11,Reactive contextually-based parallelism
619,Acura,14.21,Automated directional support
620,Lexus,86.63,Cross-group human-resource database
621,Audi,20.0,Programmable foreground hub
622,Chevrolet,76.32,Switchable responsive leverage
623,Toyota,74.56,Multi-lateral background algorithm
624,Saab,60.4,Open-source 24/7 complexity
625,Audi,26.5,Future-proofed tangible strategy
626,Citroën,62.09,Enhanced clear-thinking emulation
627,Mercury,72.75,Realigned didactic architecture
628,Mitsubishi,10.16,Diverse tangible data-warehouse
629,Isuzu,57.3,Multi-lateral value-added support
630,Infiniti,61.65,Virtual 24/7 success
631,Dodge,43.16,Cross-platform multi-state attitude
632,Dodge,64.05,Object-based non-volatile protocol
633,Toyota,19.73,Cross-platform attitude-oriented open architecture
634,Mitsubishi,91.69,Programmable well-modulated productivity
635,Eagle,1.82,User-friendly user-facing firmware
636,Subaru,63.08,Re-contextualized neutral circuit
637,Hyundai,82.07,Secured asymmetric archive
638,Geo,36.87,Phased regional support
639,Mazda,83.07,Team-oriented actuating challenge
640,Mercury,64.34,Compatible high-level monitoring
641,Acura,88.68,Innovative 3rd generation project
642,Volkswagen,35.94,Cross-platform demand-driven complexity
643,Maserati,79.77,Virtual real-time software
644,Suzuki,42.18,Phased cohesive website
645,Kia,88.25,Operative dynamic portal
646,Buick,67.21,Integrated non-volatile definition
647,Mercury,13.15,Reverse-engineered attitude-oriented website
648,Chevrolet,76.98,Realigned optimizing local area network
649,Chrysler,80.54,Object-based systematic algorithm
650,MINI,19.05,Diverse system-worthy portal
651,BMW,22.81,Automated 3rd generation model
652,GMC,2.7,Expanded high-level capacity
653,Volkswagen,53.58,Decentralized static policy
654,Acura,46.62,Stand-alone responsive moderator
655,Volkswagen,84.48,Function-based hybrid productivity
656,Ford,1.51,Enhanced uniform internet solution
657,Chevrolet,60.51,Centralized content-based collaboration
658,Infiniti,79.77,Devolved static portal
659,Plymouth,78.7,Self-enabling transitional instruction set
660,BMW,14.56,Open-source encompassing archive
661,Buick,97.36,Multi-channelled neutral forecast
662,Acura,67.6,Realigned logistical neural-net
663,Jeep,63.18,Multi-tiered client-driven encryption
664,Toyota,12.22,Multi-channelled bandwidth-monitored open system
665,Isuzu,7.14,User-centric multi-tasking algorithm
666,Jeep,51.13,Organic encompassing moratorium
667,Ford,68.84,Polarised intermediate support
668,Toyota,62.62,Total cohesive service-desk
669,Mazda,13.9,Networked holistic help-desk
670,Volkswagen,50.42,Digitized systemic system engine
671,Volkswagen,73.68,Virtual zero administration data-warehouse
672,Lincoln,70.51,Decentralized real-time contingency
673,Lamborghini,18.65,Operative attitude-oriented collaboration
674,Mazda,9.7,Realigned empowering function
675,Isuzu,22.3,Grass-roots discrete contingency
676,Mazda,95.63,Seamless upward-trending forecast
677,Chevrolet,78.58,Operative bandwidth-monitored approach
678,Volvo,40.5,Progressive coherent structure
679,Mercedes-Benz,81.12,Intuitive neutral paradigm
680,Mitsubishi,20.0,Multi-lateral global moratorium
681,Aston Martin,62.33,Customizable clear-thinking hardware
682,Daewoo,39.66,Innovative intermediate standardization
683,BMW,99.75,Advanced human-resource contingency
684,Mercedes-Benz,20.45,Universal non-volatile encryption
685,Lincoln,26.62,Future-proofed bandwidth-monitored secured line
686,Acura,24.91,Ergonomic non-volatile process improvement
687,Chrysler,32.23,Enhanced object-oriented website
688,Pontiac,10.53,Quality-focused incremental workforce
689,GMC,13.3,Business-focused even-keeled hub
690,Mercedes-Benz,22.13,De-engineered bottom-line array
691,Plymouth,45.09,Innovative modular open system
692,Chevrolet,81.03,Seamless didactic pricing structure
693,Mitsubishi,6.21,Realigned web-enabled solution
694,BMW,78.2,Cross-group cohesive policy
695,Toyota,94.96,Self-enabling transitional time-frame
696,Acura,61.84,Optimized responsive leverage
697,Volvo,19.94,Configurable tertiary hub
698,Ford,83.06,Versatile human-resource leverage
699,Subaru,46.24,Assimilated tertiary infrastructure
700,Mazda,50.46,Synchronised zero tolerance functionalities
701,Mitsubishi,25.39,Total 24 hour interface
702,Geo,3.64,Customizable static hub
703,Mitsubishi,21.39,Switchable static architecture
704,Chevrolet,90.75,Reactive incremental projection
705,Mercury,34.41,Persevering global open system
706,Volvo,94.15,Phased needs-based framework
707,Toyota,64.51,Re-contextualized tertiary encoding
708,Nissan,63.58,Phased 24 hour matrix
709,Chevrolet,17.95,Synergistic methodical core
710,Mazda,58.22,Reactive dedicated Graphical User Interface
711,Buick,86.52,Versatile high-level process improvement
712,Mazda,68.67,Horizontal client-server challenge
713,Honda,45.28,Self-enabling methodical infrastructure
714,Mazda,70.48,Ameliorated interactive approach
715,Isuzu,18.39,Seamless interactive matrices
716,BMW,57.75,Enterprise-wide zero defect neural-net
717,Ford,7.53,Implemented homogeneous adapter
718,Toyota,64.36,Optimized 24/7 knowledge base
719,Dodge,30.41,Customer-focused eco-centric secured line
720,Saab,53.32,Diverse systemic moratorium
721,Volvo,85.56,Enhanced tertiary open architecture
722,Spyker,99.72,Innovative modular definition
723,Chevrolet,42.77,Extended maximized data-warehouse
724,Ford,73.52,Programmable 24 hour access
725,Chrysler,83.36,Advanced attitude-oriented synergy
726,Mitsubishi,73.57,Business-focused intangible Graphical User Interface
727,Lotus,16.17,De-engineered client-server contingency
728,Infiniti,41.17,Synchronised multi-tasking approach
729,Volkswagen,47.83,Innovative even-keeled paradigm
730,Cadillac,99.99,Integrated eco-centric forecast
731,Nissan,77.6,Proactive fresh-thinking time-frame
732,Toyota,74.26,Enterprise-wide context-sensitive knowledge user
733,Land Rover,14.96,Versatile full-range Graphic Interface
734,Mercedes-Benz,67.42,Compatible modular solution
735,Hummer,53.96,Profound next generation array
736,Spyker,20.27,Cloned homogeneous process improvement
737,Ford,4.8,Sharable uniform neural-net
738,Saturn,98.89,Open-architected client-server secured line
739,Volkswagen,92.69,Networked neutral internet solution
740,BMW,33.41,Operative fresh-thinking data-warehouse
741,Saab,57.46,Seamless foreground local area network
742,Bentley,93.61,Persevering actuating architecture
743,Subaru,85.09,Devolved value-added collaboration
744,Kia,80.63,Managed composite hub
745,Chevrolet,60.03,Front-line cohesive workforce
746,Maybach,33.54,Future-proofed multi-tasking capacity
747,Pontiac,33.99,Profit-focused impactful encoding
748,Buick,30.95,Cross-platform asymmetric knowledge user
749,Mercury,42.48,Operative empowering attitude
750,Acura,18.89,Quality-focused needs-based synergy
751,Honda,76.93,Managed full-range middleware
752,Lamborghini,29.67,Organic fresh-thinking Graphic Interface
753,Toyota,23.48,Streamlined asynchronous leverage
754,Honda,42.92,Total client-driven artificial intelligence
755,Toyota,65.11,Reverse-engineered static archive
756,Jaguar,20.54,Total logistical emulation
757,Chevrolet,52.63,Business-focused value-added structure
758,Land Rover,58.9,Multi-lateral executive emulation
759,Maserati,38.87,Universal high-level paradigm
760,Daihatsu,7.95,Implemented multimedia implementation
761,Volvo,99.02,Balanced hybrid analyzer
762,Mercedes-Benz,9.7,Cross-platform bandwidth-monitored frame
763,Lexus,99.11,Horizontal eco-centric utilisation
764,Mitsubishi,30.03,Operative dedicated portal
765,Ford,31.42,Diverse intangible methodology
766,Dodge,3.68,De-engineered content-based methodology
767,Lincoln,60.3,Synergistic zero administration task-force
768,Chevrolet,98.93,Total next generation standardization
769,Buick,92.43,Future-proofed incremental extranet
770,Lexus,23.91,Focused human-resource customer loyalty
771,Mitsubishi,65.77,Intuitive systemic project
772,Saab,62.58,Face to face demand-driven initiative
773,Mitsubishi,48.82,Polarised multimedia algorithm
774,Volkswagen,78.5,Proactive mobile matrix
775,Ford,89.32,Focused bifurcated leverage
776,Volkswagen,6.42,Exclusive uniform moderator
777,Subaru,52.62,Enterprise-wide solution-oriented capacity
778,Audi,12.12,Robust human-resource migration
779,Pontiac,49.43,Multi-channelled client-server policy
780,Chevrolet,67.18,Polarised optimizing attitude
781,Chevrolet,56.28,Advanced 6th generation parallelism
782,BMW,66.99,Optimized directional encoding
783,Infiniti,8.58,Profound high-level attitude
784,Jaguar,30.07,Implemented fault-tolerant orchestration
785,Ford,26.62,Networked heuristic circuit
786,Volkswagen,44.1,Phased clear-thinking infrastructure
787,Ford,35.02,Customizable modular budgetary management
788,Toyota,62.35,Distributed secondary data-warehouse
789,GMC,40.58,Synergistic methodical time-frame
790,Mazda,99.39,Function-based fresh-thinking Graphical User Interface
791,Lincoln,70.15,Face to face didactic circuit
792,Mercedes-Benz,9.7,Future-proofed multi-state collaboration
793,Pontiac,99.41,Enterprise-wide static emulation
794,Suzuki,68.73,De-engineered well-modulated support
795,Ford,95.48,Networked coherent methodology
796,Pontiac,94.09,Extended next generation success
797,Suzuki,93.68,Ameliorated directional toolset
798,Ford,98.93,Vision-oriented asymmetric matrix
799,Audi,67.75,Extended well-modulated functionalities
800,Chevrolet,25.67,Inverse coherent toolset
801,Oldsmobile,37.16,Upgradable content-based challenge
802,Kia,6.15,Down-sized needs-based open system
803,Kia,58.21,Organized radical product
804,GMC,61.24,Customizable zero defect knowledge user
805,Suzuki,87.02,Monitored cohesive monitoring
806,Buick,74.87,Monitored contextually-based instruction set
807,Volkswagen,3.18,Front-line didactic firmware
808,Mercury,95.67,Fully-configurable demand-driven support
809,Mazda,34.47,De-engineered zero tolerance challenge
810,Buick,19.56,Customizable next generation orchestration
811,Nissan,85.02,Mandatory real-time system engine
812,Chevrolet,50.83,Profound explicit middleware
813,Toyota,14.85,Inverse background analyzer
814,Chevrolet,52.63,Multi-layered optimal protocol
815,Mazda,94.41,Mandatory empowering projection
816,Lincoln,3.27,Focused real-time customer loyalty
817,GMC,8.45,Configurable fault-tolerant productivity
818,Lincoln,81.36,Team-oriented logistical alliance
819,Suzuki,79.49,Integrated fresh-thinking neural-net
820,Mazda,81.39,Multi-channelled local migration
821,Pontiac,70.54,Team-oriented bandwidth-monitored firmware
822,MINI,38.1,Networked bottom-line migration
823,Kia,94.89,Proactive hybrid forecast
824,Cadillac,75.1,Ameliorated composite neural-net
825,Mitsubishi,97.27,Innovative mobile implementation
826,Volkswagen,49.01,Business-focused responsive matrices
827,GMC,9.63,Realigned bifurcated flexibility
828,BMW,51.24,Expanded 24/7 data-warehouse
829,Mitsubishi,18.53,Automated intangible application
830,Mercury,69.8,Reduced national migration
831,Honda,70.52,Re-engineered well-modulated middleware
832,Acura,48.2,Organic background intranet
833,Jeep,2.32,Enterprise-wide value-added productivity
834,Chrysler,84.16,Persevering value-added methodology
835,Land Rover,80.77,Proactive logistical support
836,BMW,55.16,Profit-focused intermediate archive
837,Toyota,8.97,Decentralized asymmetric Graphical User Interface
838,GMC,30.23,Integrated motivating help-desk
839,Subaru,5.46,Proactive fresh-thinking parallelism
840,Mercedes-Benz,51.94,Profound stable archive
841,Ford,33.67,Face to face static adapter
842,Ford,64.54,Profound cohesive frame
843,Audi,30.76,Organic scalable access
844,Ford,65.62,Persevering stable conglomeration
845,Suzuki,3.82,Networked high-level capacity
846,Ford,28.23,Optimized holistic algorithm
847,Mitsubishi,15.61,Multi-layered user-facing productivity
848,Ford,53.53,Ameliorated systematic standardization
849,Pontiac,20.57,Automated fault-tolerant moderator
850,Infiniti,44.15,Innovative value-added projection
851,Nissan,26.6,Exclusive analyzing product
852,Subaru,51.03,Persevering upward-trending help-desk
853,Lamborghini,27.52,Balanced holistic policy
854,Pontiac,33.75,Synergistic clear-thinking knowledge base
855,Chevrolet,47.51,Intuitive scalable moratorium
856,Chevrolet,13.98,Programmable regional algorithm
857,Mercury,97.61,Multi-lateral holistic approach
858,Lexus,89.08,Operative full-range throughput
859,Ford,74.18,Versatile composite project
860,Saturn,29.42,Compatible user-facing extranet
861,Dodge,77.41,Operative disintermediate superstructure
862,Toyota,84.09,Centralized asymmetric attitude
863,Chevrolet,93.5,Persistent user-facing moderator
864,Toyota,54.46,Diverse encompassing Graphic Interface
865,Geo,47.77,Progressive client-driven leverage
866,Oldsmobile,48.92,De-engineered object-oriented installation
867,Mazda,27.98,Centralized exuding core
868,Ford,70.67,Proactive 24 hour open architecture
869,Ford,69.23,Stand-alone regional attitude
870,Subaru,38.17,Quality-focused tangible Graphical User Interface
871,Ford,60.36,Networked non-volatile alliance
872,Audi,74.24,Robust systematic info-mediaries
873,Acura,23.21,Monitored stable encryption
874,Toyota,26.44,Team-oriented impactful moderator
875,Mazda,59.28,Self-enabling didactic superstructure
876,Dodge,44.2,Multi-layered motivating customer loyalty
877,Subaru,11.75,Re-engineered tertiary monitoring
878,Honda,15.13,Multi-layered global initiative
879,Nissan,96.66,Compatible web-enabled instruction set
880,Nissan,19.53,Multi-layered modular budgetary management
881,Mazda,52.31,Pre-emptive 4th generation support
882,Mazda,19.71,Programmable upward-trending knowledge user
883,Cadillac,19.01,Profound executive firmware
884,GMC,28.77,Monitored motivating Graphic Interface
885,Oldsmobile,88.95,Managed 24 hour capability
886,Hyundai,48.03,Virtual maximized Graphic Interface
887,Honda,85.55,Virtual global moderator
888,Chevrolet,32.59,Customizable global project
889,Infiniti,21.21,Networked scalable success
890,Mazda,88.21,Multi-lateral incremental attitude
891,Chevrolet,54.87,Virtual responsive project
892,Chevrolet,67.18,Devolved heuristic installation
893,BMW,32.89,Object-based didactic capability
894,Mercedes-Benz,37.96,Pre-emptive reciprocal success
895,Lotus,53.1,Horizontal responsive access
896,Buick,6.99,Multi-channelled bottom-line access
897,Acura,8.68,Re-contextualized local access
898,Chevrolet,56.01,Switchable incremental core
899,Dodge,93.47,Synergized multimedia open system
900,Mercedes-Benz,73.21,Cross-platform impactful interface
901,Volkswagen,98.59,Exclusive zero administration encryption
902,Toyota,82.81,Enhanced disintermediate secured line
903,Pontiac,79.14,Proactive hybrid model
904,Audi,98.9,Focused neutral paradigm
905,Nissan,17.85,Switchable non-volatile framework
906,Lotus,5.77,Distributed leading edge implementation
907,Lotus,2.74,User-centric eco-centric implementation
908,Dodge,43.82,Assimilated intermediate application
909,Lamborghini,1.95,Devolved foreground knowledge base
910,Land Rover,50.49,Fundamental asynchronous protocol
911,Toyota,74.14,Public-key foreground interface
912,Cadillac,33.73,Centralized analyzing matrix
913,Porsche,47.93,Diverse leading edge artificial intelligence
914,Toyota,72.87,Reduced explicit Graphical User Interface
915,Hyundai,56.93,Seamless eco-centric benchmark
916,Chrysler,15.56,Integrated maximized moderator
917,Jeep,82.05,Public-key zero tolerance protocol
918,Mazda,35.74,Monitored client-driven access
919,Ford,49.01,Right-sized real-time system engine
920,Volkswagen,54.5,Diverse disintermediate collaboration
921,Mercedes-Benz,15.2,Switchable radical protocol
922,Mazda,45.55,Optimized leading edge throughput
923,Honda,60.29,Managed content-based conglomeration
924,Chrysler,52.21,Ameliorated fault-tolerant monitoring
925,Hyundai,47.03,Customer-focused logistical collaboration
926,Mercedes-Benz,19.26,Cross-group non-volatile open system
927,Ford,2.08,Polarised grid-enabled array
928,BMW,59.24,Business-focused mission-critical productivity
929,Chevrolet,7.97,Robust mobile array
930,Audi,27.5,Devolved dedicated info-mediaries
931,Nissan,88.25,Sharable dedicated artificial intelligence
932,Dodge,86.44,Balanced web-enabled hierarchy
933,Volkswagen,65.81,Enterprise-wide dedicated structure
934,Toyota,20.4,Synergistic encompassing monitoring
935,Chevrolet,87.2,Organized reciprocal process improvement
936,Ford,98.18,Triple-buffered eco-centric focus group
937,Chrysler,9.49,Robust local groupware
938,Pontiac,69.64,Open-source explicit application
939,GMC,12.96,Secured discrete software
940,Isuzu,69.72,Integrated executive instruction set
941,Ford,87.31,Future-proofed local intranet
942,Mercedes-Benz,1.43,Fully-configurable bifurcated strategy
943,Infiniti,19.37,Sharable composite contingency
944,Nissan,59.89,Universal non-volatile initiative
945,Pontiac,6.65,Expanded demand-driven function
946,Ford,69.48,Advanced impactful algorithm
947,Mercedes-Benz,45.11,Profit-focused scalable initiative
948,Ford,88.28,Balanced contextually-based array
949,Audi,14.89,Horizontal mission-critical data-warehouse
950,Jeep,49.84,Integrated 24/7 hierarchy
951,Volvo,57.63,Self-enabling value-added application
952,Toyota,74.0,Distributed impactful hub
953,Ford,29.99,Sharable homogeneous concept
954,Jeep,63.99,Optimized incremental analyzer
955,Ford,66.04,Advanced bottom-line structure
956,GMC,28.29,Intuitive dedicated standardization
957,Volvo,74.89,Focused solution-oriented array
958,Pontiac,3.31,Synergistic multi-state time-frame
959,Lexus,33.86,Managed holistic hub
960,Acura,9.89,Multi-layered explicit neural-net
961,Volvo,83.33,Switchable tangible workforce
962,Porsche,29.6,Operative analyzing functionalities
963,Chevrolet,29.77,Vision-oriented demand-driven instruction set
964,Pontiac,86.83,Proactive impactful internet solution
965,Lexus,39.94,Advanced directional Graphic Interface
966,Lexus,68.2,Stand-alone value-added product
967,Chevrolet,84.1,Devolved static superstructure
968,Suzuki,30.56,Inverse even-keeled matrices
969,Mercedes-Benz,5.0,Synergized responsive knowledge user
970,Aston Martin,60.5,Visionary mission-critical definition
971,Suzuki,35.35,Focused multimedia challenge
972,Lincoln,1.85,Pre-emptive needs-based orchestration
973,Pontiac,97.53,Enhanced user-facing software
974,Tesla,23.0,Innovative systematic access
975,Chevrolet,37.8,Phased 24/7 model
976,Lincoln,67.36,Stand-alone high-level function
977,Daewoo,74.48,Persistent dynamic methodology
978,Ford,37.11,Ergonomic impactful concept
979,Chevrolet,51.68,Configurable high-level solution
980,Chrysler,78.15,Assimilated transitional process improvement
981,Hyundai,27.46,Synergistic dynamic protocol
982,Plymouth,77.62,Right-sized incremental analyzer
983,Ford,78.28,Front-line neutral system engine
984,Mitsubishi,20.25,Enhanced global circuit
985,Toyota,67.93,Switchable object-oriented neural-net
986,Chevrolet,67.31,Vision-oriented multi-state encryption
987,Chevrolet,6.43,Right-sized modular budgetary management
988,Audi,77.07,Stand-alone actuating moratorium
989,Mercedes-Benz,34.43,Pre-emptive empowering knowledge base
990,Mazda,11.39,Optional grid-enabled encoding
991,Hyundai,58.56,Optimized client-server pricing structure
992,Lexus,58.73,Ameliorated logistical local area network
993,Subaru,68.29,Configurable solution-oriented system engine
994,Tesla,76.45,Quality-focused disintermediate definition
995,Honda,12.01,Re-engineered modular time-frame
996,Chrysler,64.7,Progressive hybrid orchestration
997,Dodge,3.68,Optimized incremental system engine
998,Cadillac,92.86,Multi-tiered bandwidth-monitored structure
999,Dodge,15.38,Distributed responsive artificial intelligence
1000,Ford,55.8,Organized local moratorium
